,Arena_ID,Arena_Name
0,54000001,Arena 1
1,54000002,Arena 2
2,54000003,Arena 3
3,54000004,Arena 4
4,54000005,Arena 5
5,54000006,Arena 6
6,54000008,Arena 7
7,54000009,Arena 8
8,54000010,Arena 9
9,54000007,Arena 10
10,54000024,Arena 11
11,54000011,Arena 12
12,54000055,Arena 13
13,54000056,Arena 14
14,54000012,Arena 15
15,54000013,Arena 16
16,54000014,Arena 17
17,54000015,Arena 18
18,54000016,Arena 19
19,54000017,Arena 20
20,54000018,Arena 21
21,54000019,Arena 22
22,54000020,Arena 23
23,54000031,Arena 24
